id_venta,fecha,producto,ciudad,cantidad,precio_unitario
V001,2026-03-18,Silla Ergonómica,Cartagena,1,388.79
V002,2026-03-29,Mouse Inalámbrico,Cali,3,631.2
V003,2026-03-31,Teclado Mecánico,Barranquilla,1,907.6
V004,2026-03-30,Teclado Mecánico,Cartagena,4,1465.94
V005,2026-02-14,Teclado Mecánico,Barranquilla,4,1489.34
V006,2026-01-06,Silla Ergonómica,Cartagena,5,1085.02
V007,2026-01-03,Monitor 24",Cali,3,1465.06
V008,2026-02-09,Teclado Mecánico,Cali,4,863.9
V009,2026-03-27,Teclado Mecánico,Cali,3,997.32
V010,2026-01-31,Silla Ergonómica,Cali,4,1389.27
V011,2026-03-26,Laptop Pro,Cali,2,1458.09
V012,2026-03-06,Audífonos Gamer,Medellín,2,612.55
V013,2026-02-24,Mouse Inalámbrico,Medellín,4,487.35
V014,2026-01-09,Laptop Pro,Barranquilla,4,913.49
V015,2026/02/30,Mouse Inalámbrico,Medellín,5,1281.37
V016,2026-01-19,Monitor 24",Medellín,4,159.51
V017,2026-02-20,Audífonos Gamer,Barranquilla,2,999.74
V018,2026-03-15,Monitor 24",Barranquilla,4,158.81
V019,2026-03-25,Silla Ergonómica,Cali,2,833.95
V020,2026-02-10,Silla Ergonómica,Bogotá,4,1133.1
V021,2026-01-12,Audífonos Gamer,Bogotá,4,749.43
V022,2026-02-13,Mouse Inalámbrico,Cartagena,2,348.75
V023,2026-03-22,Laptop Pro,Barranquilla,3,981.6
V024,2026-03-17,Monitor 24",Barranquilla,2,450.9
V025,2026-02-05,Teclado Mecánico,Barranquilla,4,135.26
V026,2026-01-06,Silla Ergonómica,Cartagena,5,1147.39
V027,2026-01-07,Audífonos Gamer,Barranquilla,2,737.37
V028,2026-03-09,Teclado Mecánico,Cali,2,1384.39
V029,2026-02-07,Audífonos Gamer,Bogotá,1,65.07
V030,2026-03-01,Silla Ergonómica,Bogotá,4,1090.77
V031,2026-02-14,Audífonos Gamer,Medellín,3,385.23
V032,2026-01-30,Mouse Inalámbrico,Cartagena,4,1444.04
V033,2026-03-03,Silla Ergonómica,Barranquilla,5,1456.5
V034,2026-03-03,Mouse Inalámbrico,Bogotá,3,608.19
V035,2026-02-06,Audífonos Gamer,Barranquilla,5,326.97
V036,2026-02-19,Mouse Inalámbrico,Barranquilla,4,1445.0
V037,2026-02-18,Silla Ergonómica,Barranquilla,5,1427.96
V038,2026-01-03,Laptop Pro,Cali,5,1068.29
V039,2026-03-14,Teclado Mecánico,Medellín,2,629.24
V040,2026-03-12,Silla Ergonómica,Barranquilla,4,514.85
V041,2026-02-25,Mouse Inalámbrico,Bogotá,5,1456.67
V042,2026-01-18,Silla Ergonómica,Barranquilla,5,753.48
V043,2026-03-22,Laptop Pro,Barranquilla,2,599.87
V044,2026-02-02,Teclado Mecánico,Cartagena,2,98.24
V045,2026/02/30,Laptop Pro,Medellín,5,1143.31
V046,2026-02-16,Monitor 24",Cali,1,367.75
V047,2026-01-27,Silla Ergonómica,Barranquilla,3,874.32
V048,2026-02-19,Audífonos Gamer,Cali,1,1360.99
V049,2026-03-17,Monitor 24",Cali,3,700.83
V050,2026-01-20,Mouse Inalámbrico,Cartagena,2,731.42
V051,2026-01-20,Mouse Inalámbrico,Barranquilla,3,301.69
V052,2026-02-16,Monitor 24",Barranquilla,1,1401.26
V053,2026-01-22,Monitor 24",Bogotá,2,1335.48
V054,2026-01-04,Silla Ergonómica,Medellín,1,527.74
V055,2026-01-02,Silla Ergonómica,Bogotá,2,101.9
V056,2026-02-25,Teclado Mecánico,Cartagena,3,47.31
V057,2026-02-08,Audífonos Gamer,Barranquilla,5,802.02
V058,2026-02-26,Silla Ergonómica,Cartagena,3,965.42
V059,2026-03-07,Silla Ergonómica,Barranquilla,3,1320.25
V060,2026-03-30,Teclado Mecánico,Medellín,1,582.77
V061,2026-03-21,Monitor 24",Barranquilla,1,385.94
V062,2026-02-18,Monitor 24",Bogotá,4,1316.88
V063,2026-03-04,Silla Ergonómica,Cartagena,4,1218.64
V064,2026-01-15,Mouse Inalámbrico,Barranquilla,1,893.57
V065,2026-01-17,Silla Ergonómica,Bogotá,2,1352.11
V066,2026-02-28,Monitor 24",Cali,1,191.22
V067,2026-01-22,Audífonos Gamer,Barranquilla,1,930.9
V068,2026-02-01,Teclado Mecánico,Cali,4,1336.08
V069,2026-02-07,Teclado Mecánico,Bogotá,4,223.99
V070,2026-01-25,Audífonos Gamer,Cali,2,1296.63
V071,2026-01-31,Teclado Mecánico,Bogotá,1,348.14
V072,2026-03-27,Laptop Pro,Cartagena,5,673.84
V073,2026-01-21,Audífonos Gamer,Bogotá,1,528.48
V074,2026-02-07,Audífonos Gamer,Medellín,1,714.75
V075,2026-01-17,Audífonos Gamer,Barranquilla,4,1296.35
V076,2026-03-22,Audífonos Gamer,Cartagena,5,338.57
V077,2026-01-01,Laptop Pro,Medellín,4,980.63
V078,2026-01-05,Audífonos Gamer,Bogotá,5,550.69
V079,2026-02-02,Laptop Pro,Cali,1,224.73
V080,2026-03-05,Mouse Inalámbrico,Bogotá,2,902.92
V081,2026-01-10,Audífonos Gamer,Medellín,2,835.07
V082,2026-02-14,Teclado Mecánico,Cartagena,4,129.0
V083,2026-02-13,Silla Ergonómica,Medellín,1,220.24
V084,2026-01-28,Laptop Pro,Cali,2,1196.12
V085,2026-03-21,Monitor 24",Medellín,5,305.05
V086,2026-03-01,Monitor 24",Medellín,1,164.52
V087,2026-03-22,Silla Ergonómica,Cartagena,1,724.63
V088,,Silla Ergonómica,Medellín,3,523.41
V089,2026-02-15,Silla Ergonómica,Medellín,1,854.0
V090,2026-02-12,Monitor 24",Cartagena,1,1401.75
V091,2026-03-30,Audífonos Gamer,Medellín,2,698.19
V092,2026-02-07,Silla Ergonómica,Medellín,3,235.25
V093,2026-01-20,Teclado Mecánico,Medellín,5,236.33
V094,2026-02-27,Audífonos Gamer,Barranquilla,1,764.31
V095,2026-03-17,Laptop Pro,Medellín,5,1181.26
V096,2026-02-21,Monitor 24",Cali,4,1163.18
V097,2026-03-10,Teclado Mecánico,Bogotá,5,1427.57
V098,2026-01-04,Teclado Mecánico,Medellín,4,1463.77
V099,2026-03-29,Silla Ergonómica,Barranquilla,2,534.25
V050,2026-01-02,Teclado Mecánico,Cartagena,4,230.96
V101,2026-02-03,Mouse Inalámbrico,Cartagena,3,452.74
V102,2026-03-28,Monitor 24",Medellín,2,174.52
V103,2026-03-28,Teclado Mecánico,Cartagena,2,278.33
V104,2026-01-27,Silla Ergonómica,Medellín,2,1324.27
V105,2026-02-04,Audífonos Gamer,Medellín,3,1258.31
V106,2026-02-23,Laptop Pro,Barranquilla,4,758.52
V107,2026-01-17,Silla Ergonómica,Medellín,2,472.31
V108,2026-02-01,Laptop Pro,Medellín,1,889.76
V109,2026-01-31,Monitor 24",Bogotá,2,534.65
V110,2026-03-13,Laptop Pro,Bogotá,5,1492.86
V111,2026-02-25,Audífonos Gamer,Bogotá,4,977.08
V112,2026-03-17,Laptop Pro,Cartagena,5,435.95
V113,2026-03-24,Teclado Mecánico,Bogotá,4,380.47
V114,2026-03-18,Monitor 24",Barranquilla,3,42.37
V115,2026-03-13,Teclado Mecánico,Medellín,5,269.97
V116,2026-02-09,Monitor 24",Bogotá,2,834.3
V117,2026-03-02,Monitor 24",Medellín,4,815.4
V118,2026-03-21,Audífonos Gamer,Medellín,1,1310.38
V119,2026-01-14,Teclado Mecánico,Medellín,2,50.74
V120,2026-01-02,Laptop Pro,Cartagena,2,163.27
V121,2026-02-26,Silla Ergonómica,Barranquilla,5,1429.39
V122,2026-01-03,Teclado Mecánico,Cartagena,5,317.29
V123,2026-03-02,Laptop Pro,Barranquilla,5,1012.61
V124,2026-01-14,Monitor 24",Bogotá,3,1176.52
V125,2026-02-24,Laptop Pro,Barranquilla,3,857.44
V126,2026-02-23,Teclado Mecánico,Bogotá,4,1212.09
V127,2026-01-20,Laptop Pro,Barranquilla,1,392.02
V128,2026-03-18,Teclado Mecánico,Barranquilla,2,1064.41
V129,2026-03-04,Silla Ergonómica,Cartagena,3,1172.92
V130,2026-03-01,Silla Ergonómica,Cartagena,1,1277.77
V131,2026-03-19,Mouse Inalámbrico,Medellín,5,1289.41
V132,2026-01-30,Audífonos Gamer,Bogotá,1,228.34
V133,2026-03-28,Teclado Mecánico,Barranquilla,5,1087.0
V134,2026-03-16,Teclado Mecánico,Cartagena,4,1354.9
V135,2026-02-18,Mouse Inalámbrico,Medellín,2,994.24
V136,2026-02-08,Mouse Inalámbrico,Cali,5,173.41
V137,2026-02-12,Teclado Mecánico,Cali,2,380.58
V138,2026-01-07,Teclado Mecánico,Barranquilla,3,136.6
V139,2026-03-30,Mouse Inalámbrico,Bogotá,5,836.5
V140,2026-03-09,Teclado Mecánico,Bogotá,2,1337.65
V141,2026-02-08,Monitor 24",Cali,2,759.65
V142,2026-03-21,Teclado Mecánico,Cartagena,2,396.26
V143,2026-01-24,Monitor 24",Barranquilla,1,244.18
V144,2026-01-27,Silla Ergonómica,Cartagena,2,750.03
V145,2026-03-04,Audífonos Gamer,Medellín,3,92.45
V146,2026-02-24,Monitor 24",Barranquilla,5,318.29
V147,2026-02-21,Laptop Pro,Cartagena,2,1297.82
V148,2026-02-20,Mouse Inalámbrico,Bogotá,1,1166.67
V149,2026-03-05,Teclado Mecánico,Medellín,1,375.84
V150,2026-01-29,Audífonos Gamer,Cali,1,1081.65
V151,2026-01-06,Audífonos Gamer,Bogotá,4,1003.05
V152,2026-01-12,Teclado Mecánico,Medellín,5,683.93
V153,2026-01-04,Mouse Inalámbrico,Bogotá,4,369.81
V154,2026-01-02,Silla Ergonómica,Medellín,5,968.9
V155,2026-01-14,Teclado Mecánico,Cartagena,3,475.45
V156,2026-02-04,Teclado Mecánico,Bogotá,4,1447.84
V157,2026-03-05,Teclado Mecánico,Medellín,4,61.58
V158,2026-02-27,Teclado Mecánico,Barranquilla,1,253.95
V159,2026-03-27,Audífonos Gamer,Cali,4,747.22
V160,2026-03-24,Silla Ergonómica,Cartagena,3,963.12
V161,2026-04-01,Teclado Mecánico,Bogotá,3,693.03
V162,2026-01-16,Teclado Mecánico,Medellín,2,103.76
V163,2026-01-03,Laptop Pro,Medellín,4,1114.18
V164,2026-01-15,Silla Ergonómica,Cartagena,3,1429.24
V165,2026-03-17,Mouse Inalámbrico,Barranquilla,2,44.62
V166,2026-03-07,Silla Ergonómica,Cartagena,4,774.8
V167,2026-01-23,Laptop Pro,Bogotá,2,265.01
V168,2026-02-04,Mouse Inalámbrico,Cali,2,636.02
V169,2026-02-27,Monitor 24",Medellín,1,751.16
V170,2026-01-15,Monitor 24",Bogotá,3,870.42
V171,2026-02-16,Laptop Pro,Barranquilla,2,929.67
V172,2026-01-25,Laptop Pro,Bogotá,2,1473.59
V173,2026-01-27,Audífonos Gamer,Cartagena,5,233.84
V174,2026-02-26,Monitor 24",Bogotá,3,580.68
V175,2026-02-04,Teclado Mecánico,Cartagena,2,399.37
V176,2026-03-04,Mouse Inalámbrico,Medellín,3,781.77
V177,2026-02-04,Laptop Pro,Cartagena,4,543.07
V178,2026-02-28,Laptop Pro,Medellín,2,968.29
V179,2026-02-03,Teclado Mecánico,Medellín,2,634.42
V180,2026-01-07,Silla Ergonómica,Cartagena,5,878.09
V181,2026-03-10,Audífonos Gamer,Barranquilla,4,1188.11
V182,2026-03-02,Laptop Pro,Cali,5,1423.9
V183,2026-03-31,Teclado Mecánico,Cartagena,5,1308.51
V184,2026-03-23,Audífonos Gamer,Medellín,2,1383.67
V185,2026-01-16,Laptop Pro,Bogotá,4,998.44
V186,2026-02-09,Audífonos Gamer,Cartagena,4,71.91
V187,2026-01-09,Teclado Mecánico,Cartagena,4,939.66
V188,2026-03-07,Laptop Pro,Cali,5,916.1
V189,2026-03-19,Mouse Inalámbrico,Cali,1,974.13
V190,2026-01-22,Silla Ergonómica,Medellín,4,994.55
V191,2026-03-14,Silla Ergonómica,Cartagena,2,829.97
V192,2026-01-27,Audífonos Gamer,Cali,5,1201.69
V193,2026-03-05,Audífonos Gamer,Barranquilla,2,1002.76
V194,2026-03-12,Laptop Pro,Cartagena,2,460.8
V195,2026-03-11,Laptop Pro,Barranquilla,4,877.44
V196,2026-02-10,Silla Ergonómica,Medellín,1,1138.56
V197,2026-01-23,Silla Ergonómica,Cartagena,1,438.12
V198,2026-02-13,Silla Ergonómica,Cali,1,426.28
V199,2026-03-02,Silla Ergonómica,Medellín,3,931.0
V200,2026-03-08,Silla Ergonómica,Medellín,5,1070.09
